"Todesursache";"Total";"Anzahl Frauen"; "Anzahl Männer"; "Anteil Frauen"; "Anteil Männer";"Anteil am Total"

Krebs;1060;468;592;44.2;55.8;24.0
Ischämische Herzkrankheiten;467;215;252;46.0;54.0;10.6
andere Herzkrankheiten;399;204;195;51.1;48.9;9.0
Demenz;273;193;80;70.7;29.3;6.2
Covid-19;257;118;139;45.9;54.1;5.8
Hypertonie;247;172;75;69.6;30.4;5.6
Infektionen der Atemwege;237;106;131;44.7;55.3;5.4
Zerebrovaskuläre Erkrankungen;199;118;81;59.3;40.7;4.5
Unfälle/Verletzungen;188;88;100;46.8;53.2;4.3
Krankheiten des Nervensystems;181;92;89;50.8;49.2;4.1
Krankheiten des Verdauungsapparats;174;83;91;47.7;52.3;3.9
Stoffwechselkrankheiten;130;61;69;46.9;53.1;2.9
Krankheiten des Urogenitalsystems;85;44;41;51.8;48.2;1.9
Suizid *;60;17;43;28.3;71.7;1.4
andere Todesursachen;270;130;140;48.1;51.9;6.1
Todesursache unbekannt/unklar;185;82;103;44.3;55.7;4.2
Total;4412;2191;2221;49.7;50.3;100.0
